user_id,first_name,last_name,username,github_username,email,password,product_team_id,role_id
<<<<<<< HEAD
1,Charlene,Mehserle,cmehserle,cmehserle,cmehserle@company.com,xoeEabN3,prodt-4,role-1
2,John,Chappell,jchappell,jchappell,jchappell@company.com,skWBQKRo,prodt-2,role-3
3,Many,Swan,mswan,mswan,mswan@company.com,zBBBE8JR,prodt-1,role-1
4,Lydia,Frederick,lfrederick,lfrederick,lfrederick@company.com,ubvD0iL2,prodt-6,role-3
5,Margarita,Montes,mmontes,mmontes,mmontes@company.com,4Kp53V8N,prodt-2,role-3
6,Gabriel,Washington,gwashington,gwashington,gwashington@company.com,9AAzYQnN,prodt-3,role-3
7,Lacey,Stotts,lstotts,lstotts,lstotts@company.com,aRIiET4a,prodt-3,role-1
8,Rodolfo,Butler,rbutler,rbutler,rbutler@company.com,Daz9D5c4,prodt-4,role-3
9,George,Gutierrez,ggutierrez,ggutierrez,ggutierrez@company.com,mziFu0jC,prodt-4,role-3
10,Melissa,Summerlin,msummerlin,pchandolu,msummerlin@company.com,UH22ptI6,prodt-2,role-2
11,Teresa,White,twhite,prashanthatequinix,twhite@company.com,Sp3vuTos,prodt-2,role-2
12,Clara,Kort,ckort,ckort,ckort@company.com,IgB7ClR4,prodt-1,role-3
13,Young,Mccloskey,ymccloskey,ymccloskey,ymccloskey@company.com,uyPJ9J2g,prodt-2,role-3
14,Gale,Hughes,ghughes,fniroomand,ghughes@company.com,V7GWAsCM,prodt-2,role-2
15,Laurie,Cowart,lcowart,lcowart,lcowart@company.com,HPPrkbGu,prodt-3,role-1
16,Michael,Melvin,mmelvin,hpasupuleti18,mmelvin@company.com,0MNcko3f,prodt-2,role-2
17,Allen,Scott,ascott,ascott,ascott@company.com,NSlftWUI,prodt-3,role-1
18,Lizzie,Mills,lmills,sprathipati7,lmills@company.com,uP4bBcvM,prodt-2,role-2
19,Lauren,Landreth,llandreth,llandreth,llandreth@company.com,P3K8Jt9E,prodt-5,role-1
20,John,Martin,jmartin,jmartin,jmartin@company.com,ByYSS25T,prodt-5,role-1
21,Michelle,Lipscomb,mlipscomb,mlipscomb,mlipscomb@company.com,2hNOaWiH,prodt-2,role-1
22,Charles,Kenney,ckenney,ckenney,ckenney@company.com,pH3DUk60,prodt-2,role-1
23,Betty,Smathers,bsmathers,jiacchen,bsmathers@company.com,t3NlAZOe,prodt-2,role-2
24,Todd,Coppock,tcoppock,jharia-equinix,tcoppock@company.com,jXEdbnpi,prodt-2,role-2
25,Adam,Pallan,apallan,sv-marvin,apallan@company.com,HM2MnuS5,prodt-2,role-2
26,Harry,Robbins,hrobbins,hrobbins,hrobbins@company.com,0lj3P0t9,prodt-5,role-1
27,Nicholas,Crist,ncrist,ncrist,ncrist@company.com,J04hX5Qj,prodt-5,role-3
28,Ervin,Elmore,eelmore,sebhat-equinix,eelmore@company.com,krC7TRO8,prodt-2,role-2
29,Lien,Delgado,ldelgado,ldelgado,ldelgado@company.com,cUzEhpQN,prodt-5,role-3
30,Christy,Johnson,cjohnson,cjohnson,cjohnson@company.com,wdZkEuff,prodt-4,role-3
31,Douglas,Duncan,dduncan,dduncan,dduncan@company.com,T0CoDVlv,prodt-6,role-1
32,Angie,Lobe,alobe,alobe,alobe@company.com,LJogZiSF,prodt-6,role-1
33,Michael,Priester,mpriester,mpriester,mpriester@company.com,pep7nZ6b,prodt-6,role-1
34,Verna,Stone,vstone,vstone,vstone@company.com,fsk7Gyjz,prodt-5,role-3
35,Morris,Earley,mearley,mearley,mearley@company.com,cBjgN7Co,prodt-4,role-1
36,Shaun,Garcia,sgarcia,sgarcia,sgarcia@company.com,04ao8wow,prodt-3,role-3
37,Christina,Brown,cbrown,syedluri,cbrown@company.com,2IR3y4BE,prodt-2,role-2
38,Marcus,Healy,mhealy,mhealy,mhealy@company.com,4CBiCuaC,prodt-6,role-3
39,Linda,Kerns,lkerns,lkerns,lkerns@company.com,llYJEEwh,prodt-1,role-3
40,Robert,Nader,rnader,rnader,rnader@company.com,5fzHHLAe,prodt-4,role-1
41,Betty,Holcomb,bholcomb,bholcomb,bholcomb@company.com,8SY9K5kz,prodt-2,role-3
42,Randy,Bettes,rbettes,salsalgado,rbettes@company.com,eTLf8yBW,prodt-2,role-2
43,Johnny,Williamson,jwilliamson,ksheng-equinix,jwilliamson@company.com,qDeRt3Hr,prodt-2,role-2
44,Dorothea,Fielder,dfielder,apupate1811,dfielder@company.com,zBAqRga7,prodt-2,role-2
45,Norma,Columbus,ncolumbus,saranya-Mohandas,ncolumbus@company.com,XmLyjFpZ,prodt-2,role-2
46,Tara,Gordon,tgordon,tgordon,tgordon@company.com,1KtRyv6m,prodt-6,role-1
47,Darline,Everett,deverett,deverett,deverett@company.com,eXfIExYG,prodt-5,role-3
48,Zachary,Rios,zrios,wen-mei,zrios@company.com,ko2Xc3BK,prodt-2,role-2
49,Steven,Weeks,sweeks,sweeks,sweeks@company.com,iQladJGo,prodt-6,role-1
50,Anita,Allen,aallen,aallen,aallen@company.com,nPNIlyCm,prodt-1,role-1
51,Edwin,Littlefield,elittlefield,elittlefield,elittlefield@company.com,ZYeASHJq,prodt-5,role-3
52,Sharon,Clement,sclement,sclement,sclement@company.com,HiI43q5V,prodt-4,role-3
53,Audrey,Chaput,achaput,cgwizdowski-equinix,achaput@company.com,KiUMflnx,prodt-3,role-2
54,Kathryn,King,kking,jkolacz-equinix,kking@company.com,y2HTHovL,prodt-3,role-2
55,Sally,Spencer,sspencer,sspencer,sspencer@company.com,HDVsbt3B,prodt-6,role-1
56,Rebecca,Cooper,rcooper,marvin,rcooper@company.com,46gxuMN2,prodt-4,role-2
57,Lydia,Shook,lshook,lshook,lshook@company.com,JXmsCrax,prodt-1,role-1
58,George,Richter,grichter,grichter,grichter@company.com,nn0msVkP,prodt-1,role-3
59,Andrea,Fitzpatrick,afitzpatrick,afitzpatrick,afitzpatrick@company.com,Mm1BHliI,prodt-2,role-3
60,Raul,Skimehorn,rskimehorn,rskimehorn,rskimehorn@company.com,2KXFftrW,prodt-4,role-3
61,Michael,Naquin,mnaquin,tszlek-equinix,mnaquin@company.com,gJ9pFlt3,prodt-4,role-2
62,Paul,Cheek,pcheek,aauramionak,pcheek@company.com,I1wokHXc,prodt-4,role-2
63,Daniel,Hughes,dhughes,dhughes,dhughes@company.com,6zQbdXm9,prodt-6,role-1
64,William,Moyers,wmoyers,tszlek-equinix,wmoyers@company.com,HLPVTGuW,prodt-4,role-2
65,Patricia,Strother,pstrother,pstrother,pstrother@company.com,g9MBSPbK,prodt-5,role-1
66,Deann,Ramos,dramos,kwasiluk-equinix,dramos@company.com,wzco3auG,prodt-4,role-2
67,Monica,Rothermich,mrothermich,mrothermich,mrothermich@company.com,kkH92LcM,prodt-4,role-3
68,Alexander,Padilla,apadilla,apadilla,apadilla@company.com,oFXFzvin,prodt-5,role-1
69,Joel,Neal,jneal,jneal,jneal@company.com,MTomB6kH,prodt-3,role-3
70,Bonnie,Foy,bfoy,bfoy,bfoy@company.com,KCwyAc9L,prodt-6,role-2
71,Christopher,Malley,cmalley,cmalley,cmalley@company.com,IOA1Ik7n,prodt-1,role-2
72,Celeste,Martin,cmartin,cmartin,cmartin@company.com,ZiDbaEci,prodt-4,role-2
73,Shawn,Tucker,stucker,stucker,stucker@company.com,j7zKBQAs,prodt-3,role-1
74,Kimberly,Thady,kthady,kthady,kthady@company.com,sFwkUglL,prodt-2,role-1
75,Sandra,Frost,sfrost,sfrost,sfrost@company.com,3FH0J3n3,prodt-5,role-2
76,Lucy,Noyola,lnoyola,lnoyola,lnoyola@company.com,Fwbf4Cfk,prodt-4,role-2
77,Jerry,Gavenda,jgavenda,jgavenda,jgavenda@company.com,iHx1s5VT,prodt-1,role-3
78,James,Paul,jpaul,jpaul,jpaul@company.com,Fo7IgIS7,prodt-5,role-2
79,Haley,Hohl,hhohl,hhohl,hhohl@company.com,oV4GwCUs,prodt-2,role-1
80,Katherine,Cotton,kcotton,kcotton,kcotton@company.com,R7ljuPLn,prodt-3,role-1
81,Carol,Hooks,chooks,chooks,chooks@company.com,A4UwrOu7,prodt-3,role-2
82,Susan,Doyle,sdoyle,sdoyle,sdoyle@company.com,2FHPXet0,prodt-6,role-2
83,Edmund,Mendibles,emendibles,emendibles,emendibles@company.com,42fmQHgZ,prodt-1,role-2
84,Adam,Pisciotta,apisciotta,apisciotta,apisciotta@company.com,XFzc4c7y,prodt-2,role-3
85,Elvira,Matheney,ematheney,ematheney,ematheney@company.com,KdhW3Wkf,prodt-4,role-3
86,Maria,Santiago,msantiago,msantiago,msantiago@company.com,hCRSTJrp,prodt-4,role-3
87,Jonathan,Wynne,jwynne,jwynne,jwynne@company.com,2T3oSKH8,prodt-3,role-2
88,Levi,Carty,lcarty,lcarty,lcarty@company.com,V0h3YDkH,prodt-6,role-1
89,John,Cryer,jcryer,jcryer,jcryer@company.com,iDvIHClA,prodt-4,role-2
90,Jerry,Byrd,jbyrd,jbyrd,jbyrd@company.com,alrlUrR2,prodt-4,role-1
91,Jessica,Dominguez,jdominguez,jdominguez,jdominguez@company.com,QcLu6oxM,prodt-3,role-3
92,Debra,Arellano,darellano,darellano,darellano@company.com,XSdNEc3T,prodt-4,role-3
93,Millie,Rudd,mrudd,mrudd,mrudd@company.com,mHwKfBZE,prodt-3,role-1
94,Donald,Simpson,dsimpson,dsimpson,dsimpson@company.com,18jSJSwU,prodt-5,role-2
95,Jeanne,Brown,jbrown,jbrown,jbrown@company.com,0VSg1Kjr,prodt-6,role-1
96,Greg,Hutchison,ghutchison,ghutchison,ghutchison@company.com,01EABzb8,prodt-1,role-1
97,Denny,Ladner,dladner,dladner,dladner@company.com,K0FWKT5m,prodt-4,role-2
98,Mike,Sorenson,msorenson,msorenson,msorenson@company.com,YVwYefi4,prodt-4,role-2
99,Vickie,Rabago,vrabago,vrabago,vrabago@company.com,ugATqfuH,prodt-6,role-2
100,Heidi,Burgess,hburgess,hburgess,hburgess@company.com,rtqdWiIY,prodt-1,role-2
=======
1,Charlene,Mehserle,cmehserle,cmehserle,cmehserle@equinix.com,xoeEabN3,prodt-4,role-1
2,John,Chappell,jchappell,jchappell,jchappell@equinix.com,skWBQKRo,prodt-2,role-3
3,Many,Swan,mswan,mswan,mswan@equinix.com,zBBBE8JR,prodt-1,role-1
4,Lydia,Frederick,lfrederick,lfrederick,lfrederick@equinix.com,ubvD0iL2,prodt-6,role-3
5,Margarita,Montes,mmontes,mmontes,mmontes@equinix.com,4Kp53V8N,prodt-2,role-3
6,Gabriel,Washington,gwashington,gwashington,gwashington@equinix.com,9AAzYQnN,prodt-3,role-3
7,Lacey,Stotts,lstotts,lstotts,lstotts@equinix.com,aRIiET4a,prodt-3,role-1
8,Rodolfo,Butler,rbutler,rbutler,rbutler@equinix.com,Daz9D5c4,prodt-4,role-3
9,George,Gutierrez,ggutierrez,ggutierrez,ggutierrez@equinix.com,mziFu0jC,prodt-4,role-3
10,Melissa,Summerlin,msummerlin,pchandolu,msummerlin@equinix.com,UH22ptI6,prodt-2,role-2
11,Teresa,White,twhite,prashanthatequinix,twhite@equinix.com,Sp3vuTos,prodt-2,role-2
12,Clara,Kort,ckort,ckort,ckort@equinix.com,IgB7ClR4,prodt-1,role-3
13,Young,Mccloskey,ymccloskey,ymccloskey,ymccloskey@equinix.com,uyPJ9J2g,prodt-2,role-3
14,Gale,Hughes,ghughes,fniroomand,ghughes@equinix.com,V7GWAsCM,prodt-2,role-2
15,Laurie,Cowart,lcowart,lcowart,lcowart@equinix.com,HPPrkbGu,prodt-3,role-1
16,Michael,Melvin,mmelvin,hpasupuleti18,mmelvin@equinix.com,0MNcko3f,prodt-2,role-2
17,Allen,Scott,ascott,ascott,ascott@equinix.com,NSlftWUI,prodt-3,role-1
18,Lizzie,Mills,lmills,sprathipati7,lmills@equinix.com,uP4bBcvM,prodt-2,role-2
19,Lauren,Landreth,llandreth,llandreth,llandreth@equinix.com,P3K8Jt9E,prodt-5,role-1
20,John,Martin,jmartin,jmartin,jmartin@equinix.com,ByYSS25T,prodt-5,role-1
21,Michelle,Lipscomb,mlipscomb,mlipscomb,mlipscomb@equinix.com,2hNOaWiH,prodt-2,role-1
22,Charles,Kenney,ckenney,ckenney,ckenney@equinix.com,pH3DUk60,prodt-2,role-1
23,Betty,Smathers,bsmathers,jiacchen,bsmathers@equinix.com,t3NlAZOe,prodt-2,role-2
24,Todd,Coppock,tcoppock,jharia-equinix,tcoppock@equinix.com,jXEdbnpi,prodt-2,role-2
25,Adam,Pallan,apallan,sv-marvin,apallan@equinix.com,HM2MnuS5,prodt-2,role-2
26,Harry,Robbins,hrobbins,hrobbins,hrobbins@equinix.com,0lj3P0t9,prodt-5,role-1
27,Nicholas,Crist,ncrist,ncrist,ncrist@equinix.com,J04hX5Qj,prodt-5,role-3
28,Ervin,Elmore,eelmore,sebhat-equinix,eelmore@equinix.com,krC7TRO8,prodt-2,role-2
29,Lien,Delgado,ldelgado,ldelgado,ldelgado@equinix.com,cUzEhpQN,prodt-5,role-3
30,Christy,Johnson,cjohnson,cjohnson,cjohnson@equinix.com,wdZkEuff,prodt-4,role-3
31,Douglas,Duncan,dduncan,dduncan,dduncan@equinix.com,T0CoDVlv,prodt-6,role-1
32,Angie,Lobe,alobe,alobe,alobe@equinix.com,LJogZiSF,prodt-6,role-1
33,Michael,Priester,mpriester,mpriester,mpriester@equinix.com,pep7nZ6b,prodt-6,role-1
34,Verna,Stone,vstone,vstone,vstone@equinix.com,fsk7Gyjz,prodt-5,role-3
35,Morris,Earley,mearley,mearley,mearley@equinix.com,cBjgN7Co,prodt-4,role-1
36,Shaun,Garcia,sgarcia,sgarcia,sgarcia@equinix.com,04ao8wow,prodt-3,role-3
37,Christina,Brown,cbrown,syedluri,cbrown@equinix.com,2IR3y4BE,prodt-2,role-2
38,Marcus,Healy,mhealy,mhealy,mhealy@equinix.com,4CBiCuaC,prodt-6,role-3
39,Linda,Kerns,lkerns,lkerns,lkerns@equinix.com,llYJEEwh,prodt-1,role-3
40,Robert,Nader,rnader,rnader,rnader@equinix.com,5fzHHLAe,prodt-4,role-1
41,Betty,Holcomb,bholcomb,bholcomb,bholcomb@equinix.com,8SY9K5kz,prodt-2,role-3
42,Randy,Bettes,rbettes,salsalgado,rbettes@equinix.com,eTLf8yBW,prodt-2,role-2
43,Johnny,Williamson,jwilliamson,ksheng-equinix,jwilliamson@equinix.com,qDeRt3Hr,prodt-2,role-2
44,Dorothea,Fielder,dfielder,apupate1811,dfielder@equinix.com,zBAqRga7,prodt-2,role-2
45,Norma,Columbus,ncolumbus,saranya-Mohandas,ncolumbus@equinix.com,XmLyjFpZ,prodt-2,role-2
46,Tara,Gordon,tgordon,tgordon,tgordon@equinix.com,1KtRyv6m,prodt-6,role-1
47,Darline,Everett,deverett,deverett,deverett@equinix.com,eXfIExYG,prodt-5,role-3
48,Zachary,Rios,zrios,wen-mei,zrios@equinix.com,ko2Xc3BK,prodt-2,role-2
49,Steven,Weeks,sweeks,sweeks,sweeks@equinix.com,iQladJGo,prodt-6,role-1
50,Anita,Allen,aallen,aallen,aallen@equinix.com,nPNIlyCm,prodt-1,role-1
51,Edwin,Littlefield,elittlefield,elittlefield,elittlefield@equinix.com,ZYeASHJq,prodt-5,role-3
52,Sharon,Clement,sclement,sclement,sclement@equinix.com,HiI43q5V,prodt-4,role-3
53,Audrey,Chaput,achaput,cgwizdowski-equinix,achaput@equinix.com,KiUMflnx,prodt-3,role-2
54,Kathryn,King,kking,jkolacz-equinix,kking@equinix.com,y2HTHovL,prodt-3,role-2
55,Sally,Spencer,sspencer,sspencer,sspencer@equinix.com,HDVsbt3B,prodt-6,role-1
56,Rebecca,Cooper,rcooper,marvin,rcooper@equinix.com,46gxuMN2,prodt-4,role-2
57,Lydia,Shook,lshook,lshook,lshook@equinix.com,JXmsCrax,prodt-1,role-1
58,George,Richter,grichter,grichter,grichter@equinix.com,nn0msVkP,prodt-1,role-3
59,Andrea,Fitzpatrick,afitzpatrick,afitzpatrick,afitzpatrick@equinix.com,Mm1BHliI,prodt-2,role-3
60,Raul,Skimehorn,rskimehorn,rskimehorn,rskimehorn@equinix.com,2KXFftrW,prodt-4,role-3
61,Michael,Naquin,mnaquin,tszlek-equinix,mnaquin@equinix.com,gJ9pFlt3,prodt-4,role-2
62,Paul,Cheek,pcheek,aauramionak,pcheek@equinix.com,I1wokHXc,prodt-4,role-2
63,Daniel,Hughes,dhughes,dhughes,dhughes@equinix.com,6zQbdXm9,prodt-6,role-1
64,William,Moyers,wmoyers,tszlek-equinix,wmoyers@equinix.com,HLPVTGuW,prodt-4,role-2
65,Patricia,Strother,pstrother,pstrother,pstrother@equinix.com,g9MBSPbK,prodt-5,role-1
66,Deann,Ramos,dramos,kwasiluk-equinix,dramos@equinix.com,wzco3auG,prodt-4,role-2
67,Monica,Rothermich,mrothermich,mrothermich,mrothermich@equinix.com,kkH92LcM,prodt-4,role-3
68,Alexander,Padilla,apadilla,apadilla,apadilla@equinix.com,oFXFzvin,prodt-5,role-1
69,Joel,Neal,jneal,jneal,jneal@equinix.com,MTomB6kH,prodt-3,role-3
70,Bonnie,Foy,bfoy,bfoy,bfoy@equinix.com,KCwyAc9L,prodt-6,role-2
71,Christopher,Malley,cmalley,cmalley,cmalley@equinix.com,IOA1Ik7n,prodt-1,role-2
72,Celeste,Martin,cmartin,cmartin,cmartin@equinix.com,ZiDbaEci,prodt-4,role-2
73,Shawn,Tucker,stucker,stucker,stucker@equinix.com,j7zKBQAs,prodt-3,role-1
74,Kimberly,Thady,kthady,kthady,kthady@equinix.com,sFwkUglL,prodt-2,role-1
75,Sandra,Frost,sfrost,sfrost,sfrost@equinix.com,3FH0J3n3,prodt-5,role-2
76,Lucy,Noyola,lnoyola,lnoyola,lnoyola@equinix.com,Fwbf4Cfk,prodt-4,role-2
77,Jerry,Gavenda,jgavenda,jgavenda,jgavenda@equinix.com,iHx1s5VT,prodt-1,role-3
78,James,Paul,jpaul,jpaul,jpaul@equinix.com,Fo7IgIS7,prodt-5,role-2
79,Haley,Hohl,hhohl,hhohl,hhohl@equinix.com,oV4GwCUs,prodt-2,role-1
80,Katherine,Cotton,kcotton,kcotton,kcotton@equinix.com,R7ljuPLn,prodt-3,role-1
81,Carol,Hooks,chooks,chooks,chooks@equinix.com,A4UwrOu7,prodt-3,role-2
82,Susan,Doyle,sdoyle,sdoyle,sdoyle@equinix.com,2FHPXet0,prodt-6,role-2
83,Edmund,Mendibles,emendibles,emendibles,emendibles@equinix.com,42fmQHgZ,prodt-1,role-2
84,Adam,Pisciotta,apisciotta,apisciotta,apisciotta@equinix.com,XFzc4c7y,prodt-2,role-3
85,Elvira,Matheney,ematheney,ematheney,ematheney@equinix.com,KdhW3Wkf,prodt-4,role-3
86,Maria,Santiago,msantiago,msantiago,msantiago@equinix.com,hCRSTJrp,prodt-4,role-3
87,Jonathan,Wynne,jwynne,jwynne,jwynne@equinix.com,2T3oSKH8,prodt-3,role-2
88,Levi,Carty,lcarty,lcarty,lcarty@equinix.com,V0h3YDkH,prodt-6,role-1
89,John,Cryer,jcryer,jcryer,jcryer@equinix.com,iDvIHClA,prodt-4,role-2
90,Jerry,Byrd,jbyrd,jbyrd,jbyrd@equinix.com,alrlUrR2,prodt-4,role-1
91,Jessica,Dominguez,jdominguez,jdominguez,jdominguez@equinix.com,QcLu6oxM,prodt-3,role-3
92,Debra,Arellano,darellano,darellano,darellano@equinix.com,XSdNEc3T,prodt-4,role-3
93,Millie,Rudd,mrudd,mrudd,mrudd@equinix.com,mHwKfBZE,prodt-3,role-1
94,Donald,Simpson,dsimpson,dsimpson,dsimpson@equinix.com,18jSJSwU,prodt-5,role-2
95,Jeanne,Brown,jbrown,jbrown,jbrown@equinix.com,0VSg1Kjr,prodt-6,role-1
96,Greg,Hutchison,ghutchison,ghutchison,ghutchison@equinix.com,01EABzb8,prodt-1,role-1
97,Denny,Ladner,dladner,dladner,dladner@equinix.com,K0FWKT5m,prodt-4,role-2
98,Mike,Sorenson,msorenson,msorenson,msorenson@equinix.com,YVwYefi4,prodt-4,role-2
99,Vickie,Rabago,vrabago,vrabago,vrabago@equinix.com,ugATqfuH,prodt-6,role-2
100,Heidi,Burgess,hburgess,hburgess,hburgess@equinix.com,rtqdWiIY,prodt-1,role-2
>>>>>>> e46422e (Add codes to repo)
